"game_id","season","week","home_team","away_team","home_score","away_score","kickoff_time","stadium","day","time","last_met_date"
"401127913",2019,1,"Chicago Bears","Green Bay Packers",3,10,"2019-09-06T00:20Z","Soldier Field","Friday","00:20",NA
"401127928",2019,1,"Cleveland Browns","Tennessee Titans",13,43,"2019-09-08T17:00Z","Huntington Bank Field","Sunday","17:00",NA
"401127954",2019,1,"Miami Dolphins","Baltimore Ravens",10,59,"2019-09-08T17:00Z","Hard Rock Stadium","Sunday","17:00",NA
"401127961",2019,1,"Minnesota Vikings","Atlanta Falcons",28,12,"2019-09-08T17:00Z","U.S. Bank Stadium","Sunday","17:00",NA
"401127963",2019,1,"New York Jets","Buffalo Bills",16,17,"2019-09-08T17:00Z","MetLife Stadium","Sunday","17:00",NA
"401127968",2019,1,"Philadelphia Eagles","Washington",32,27,"2019-09-08T17:00Z","Lincoln Financial Field","Sunday","17:00",NA
"401127923",2019,1,"Carolina Panthers","Los Angeles Rams",27,30,"2019-09-08T17:00Z","Bank of America Stadium","Sunday","17:00",NA
"401127931",2019,1,"Jacksonville Jaguars","Kansas City Chiefs",26,40,"2019-09-08T17:00Z","EverBank Stadium","Sunday","17:00",NA
"401127972",2019,1,"Los Angeles Chargers","Indianapolis Colts",30,24,"2019-09-08T20:05Z","Dignity Health Sports Park","Sunday","20:05",NA
"401127995",2019,1,"Seattle Seahawks","Cincinnati Bengals",21,20,"2019-09-08T20:05Z","Lumen Field","Sunday","20:05",NA
"401128007",2019,1,"Dallas Cowboys","New York Giants",35,17,"2019-09-08T20:25Z","AT&T Stadium","Sunday","20:25",NA
"401127999",2019,1,"Arizona Cardinals","Detroit Lions",27,27,"2019-09-08T20:25Z","State Farm Stadium","Sunday","20:25",NA
"401128010",2019,1,"Tampa Bay Buccaneers","San Francisco 49ers",17,31,"2019-09-08T20:25Z","Raymond James Stadium","Sunday","20:25",NA
"401127860",2019,1,"New England Patriots","Pittsburgh Steelers",33,3,"2019-09-09T00:20Z","Gillette Stadium","Monday","00:20",NA
"401128021",2019,1,"New Orleans Saints","Houston Texans",30,28,"2019-09-09T23:10Z","Caesars Superdome","Monday","23:10",NA
"401128025",2019,1,"Oakland Raiders","Denver Broncos",24,16,"2019-09-10T02:20Z","Oakland Coliseum","Tuesday","02:20",NA
"401128054",2019,2,"Carolina Panthers","Tampa Bay Buccaneers",14,20,"2019-09-13T00:20Z","Bank of America Stadium","Friday","00:20",NA
"401128066",2019,2,"Cincinnati Bengals","San Francisco 49ers",17,41,"2019-09-15T17:00Z","Paycor Stadium","Sunday","17:00",NA
"401128072",2019,2,"Detroit Lions","Los Angeles Chargers",13,10,"2019-09-15T17:00Z","Ford Field","Sunday","17:00",NA
"401128098",2019,2,"Green Bay Packers","Minnesota Vikings",21,16,"2019-09-15T17:00Z","Lambeau Field","Sunday","17:00",NA
"401128114",2019,2,"Tennessee Titans","Indianapolis Colts",17,19,"2019-09-15T17:00Z","Nissan Stadium","Sunday","17:00",NA
"401127862",2019,2,"Miami Dolphins","New England Patriots",0,43,"2019-09-15T17:00Z","Hard Rock Stadium","Sunday","17:00",NA
"401128106",2019,2,"New York Giants","Buffalo Bills",14,28,"2019-09-15T17:00Z","MetLife Stadium","Sunday","17:00",NA
"401128110",2019,2,"Pittsburgh Steelers","Seattle Seahawks",26,28,"2019-09-15T17:00Z","Acrisure Stadium","Sunday","17:00",NA
"401128115",2019,2,"Washington","Dallas Cowboys",21,31,"2019-09-15T17:00Z","Northwest Stadium","Sunday","17:00",NA
"401128061",2019,2,"Baltimore Ravens","Arizona Cardinals",23,17,"2019-09-15T17:00Z","M&T Bank Stadium","Sunday","17:00",NA
"401128101",2019,2,"Houston Texans","Jacksonville Jaguars",13,12,"2019-09-15T17:00Z","NRG Stadium","Sunday","17:00",NA
"401128118",2019,2,"Oakland Raiders","Kansas City Chiefs",10,28,"2019-09-15T20:05Z","Oakland Coliseum","Sunday","20:05",NA
"401128120",2019,2,"Denver Broncos","Chicago Bears",14,16,"2019-09-15T20:25Z","Empower Field at Mile High","Sunday","20:25",NA
"401128122",2019,2,"Los Angeles Rams","New Orleans Saints",27,9,"2019-09-15T20:25Z","Los Angeles Memorial Coliseum","Sunday","20:25",NA
"401128124",2019,2,"Atlanta Falcons","Philadelphia Eagles",24,20,"2019-09-16T00:20Z","Mercedes-Benz Stadium","Monday","00:20",NA
"401128127",2019,2,"New York Jets","Cleveland Browns",3,23,"2019-09-17T00:15Z","MetLife Stadium","Tuesday","00:15",NA
"401127859",2019,3,"Jacksonville Jaguars","Tennessee Titans",20,7,"2019-09-20T00:20Z","EverBank Stadium","Friday","00:20",NA
"401127915",2019,3,"Buffalo Bills","Cincinnati Bengals",21,17,"2019-09-22T17:00Z","Highmark Stadium","Sunday","17:00",NA
"401127921",2019,3,"Dallas Cowboys","Miami Dolphins",31,6,"2019-09-22T17:00Z","AT&T Stadium","Sunday","17:00",NA
"401127925",2019,3,"Green Bay Packers","Denver Broncos",27,16,"2019-09-22T17:00Z","Lambeau Field","Sunday","17:00",NA
"401127929",2019,3,"Indianapolis Colts","Atlanta Falcons",27,24,"2019-09-22T17:00Z","Lucas Oil Stadium","Sunday","17:00",NA
"401127953",2019,3,"Kansas City Chiefs","Baltimore Ravens",33,28,"2019-09-22T17:00Z","GEHA Field at Arrowhead Stadium","Sunday","17:00",NA
"401127956",2019,3,"Minnesota Vikings","Oakland Raiders",34,14,"2019-09-22T17:00Z","U.S. Bank Stadium","Sunday","17:00",NA
"401127861",2019,3,"New England Patriots","New York Jets",30,14,"2019-09-22T17:00Z","Gillette Stadium","Sunday","17:00",NA
"401127959",2019,3,"Philadelphia Eagles","Detroit Lions",24,27,"2019-09-22T17:00Z","Lincoln Financial Field","Sunday","17:00",NA
"401127962",2019,3,"Arizona Cardinals","Carolina Panthers",20,38,"2019-09-22T20:05Z","State Farm Stadium","Sunday","20:05",NA
"401127966",2019,3,"Tampa Bay Buccaneers","New York Giants",31,32,"2019-09-22T20:05Z","Raymond James Stadium","Sunday","20:05",NA
"401127970",2019,3,"Los Angeles Chargers","Houston Texans",20,27,"2019-09-22T20:25Z","Dignity Health Sports Park","Sunday","20:25",NA
"401127998",2019,3,"San Francisco 49ers","Pittsburgh Steelers",24,20,"2019-09-22T20:25Z","Levi's Stadium","Sunday","20:25",NA
"401127993",2019,3,"Seattle Seahawks","New Orleans Saints",27,33,"2019-09-22T20:25Z","Lumen Field","Sunday","20:25",NA
"401128125",2019,3,"Cleveland Browns","Los Angeles Rams",13,20,"2019-09-23T00:20Z","Huntington Bank Field","Monday","00:20",NA
"401128003",2019,3,"Washington","Chicago Bears",15,31,"2019-09-24T00:15Z","Northwest Stadium","Tuesday","00:15",NA
"401127863",2019,4,"Green Bay Packers","Philadelphia Eagles",27,34,"2019-09-27T00:20Z","Lambeau Field","Friday","00:20",NA
"401128016",2019,4,"Atlanta Falcons","Tennessee Titans",10,24,"2019-09-29T17:00Z","Mercedes-Benz Stadium","Sunday","17:00",NA
"401127866",2019,4,"Buffalo Bills","New England Patriots",10,16,"2019-09-29T17:00Z","Highmark Stadium","Sunday","17:00",NA
"401128023",2019,4,"Detroit Lions","Kansas City Chiefs",30,34,"2019-09-29T17:00Z","Ford Field","Sunday","17:00",NA
"401128030",2019,4,"Indianapolis Colts","Oakland Raiders",24,31,"2019-09-29T17:00Z","Lucas Oil Stadium","Sunday","17:00",NA
"401128055",2019,4,"Miami Dolphins","Los Angeles Chargers",10,30,"2019-09-29T17:00Z","Hard Rock Stadium","Sunday","17:00",NA
"401128059",2019,4,"New York Giants","Washington",24,3,"2019-09-29T17:00Z","MetLife Stadium","Sunday","17:00",NA
"401128018",2019,4,"Baltimore Ravens","Cleveland Browns",25,40,"2019-09-29T17:00Z","M&T Bank Stadium","Sunday","17:00",NA
"401128026",2019,4,"Houston Texans","Carolina Panthers",10,16,"2019-09-29T17:00Z","NRG Stadium","Sunday","17:00",NA
"401128069",2019,4,"Los Angeles Rams","Tampa Bay Buccaneers",40,55,"2019-09-29T20:05Z","Los Angeles Memorial Coliseum","Sunday","20:05",NA
"401128064",2019,4,"Arizona Cardinals","Seattle Seahawks",10,27,"2019-09-29T20:05Z","State Farm Stadium","Sunday","20:05",NA
"401128093",2019,4,"Chicago Bears","Minnesota Vikings",16,6,"2019-09-29T20:25Z","Soldier Field","Sunday","20:25",NA
"401128097",2019,4,"Denver Broncos","Jacksonville Jaguars",24,26,"2019-09-29T20:25Z","Empower Field at Mile High","Sunday","20:25",NA
"401128102",2019,4,"New Orleans Saints","Dallas Cowboys",12,10,"2019-09-30T00:20Z","Caesars Superdome","Monday","00:20",NA
"401128109",2019,4,"Pittsburgh Steelers","Cincinnati Bengals",27,3,"2019-10-01T00:15Z","Acrisure Stadium","Tuesday","00:15",NA
"401127927",2019,5,"Seattle Seahawks","Los Angeles Rams",30,29,"2019-10-04T00:20Z","Lumen Field","Friday","00:20",NA
"401127958",2019,5,"Cincinnati Bengals","Arizona Cardinals",23,26,"2019-10-06T17:00Z","Paycor Stadium","Sunday","17:00",NA
"401128014",2019,5,"Tennessee Titans","Buffalo Bills",7,14,"2019-10-06T17:00Z","Nissan Stadium","Sunday","17:00",NA
"401128001",2019,5,"Oakland Raiders","Chicago Bears",24,21,"2019-10-06T17:00Z","Tottenham Hotspur Stadium","Sunday","17:00",NA
"401127965",2019,5,"New Orleans Saints","Tampa Bay Buccaneers",31,24,"2019-10-06T17:00Z","Caesars Superdome","Sunday","17:00",NA
"401127971",2019,5,"New York Giants","Minnesota Vikings",10,28,"2019-10-06T17:00Z","MetLife Stadium","Sunday","17:00",NA
"401128006",2019,5,"Philadelphia Eagles","New York Jets",31,6,"2019-10-06T17:00Z","Lincoln Financial Field","Sunday","17:00",NA
"401128011",2019,5,"Pittsburgh Steelers","Baltimore Ravens",23,26,"2019-10-06T17:00Z","Acrisure Stadium","Sunday","17:00",NA
"401127864",2019,5,"Washington","New England Patriots",7,33,"2019-10-06T17:00Z","Northwest Stadium","Sunday","17:00",NA
"401127932",2019,5,"Carolina Panthers","Jacksonville Jaguars",34,27,"2019-10-06T17:00Z","Bank of America Stadium","Sunday","17:00",NA
"401127960",2019,5,"Houston Texans","Atlanta Falcons",53,32,"2019-10-06T17:00Z","NRG Stadium","Sunday","17:00",NA
"401128019",2019,5,"Los Angeles Chargers","Denver Broncos",13,20,"2019-10-06T20:05Z","Dignity Health Sports Park","Sunday","20:05",NA
"401128029",2019,5,"Dallas Cowboys","Green Bay Packers",24,34,"2019-10-06T20:25Z","AT&T Stadium","Sunday","20:25",NA
"401128053",2019,5,"Kansas City Chiefs","Indianapolis Colts",13,19,"2019-10-07T00:20Z","GEHA Field at Arrowhead Stadium","Monday","00:20",NA
"401128062",2019,5,"San Francisco 49ers","Cleveland Browns",31,3,"2019-10-08T00:15Z","Levi's Stadium","Tuesday","00:15",NA
"401127917",2019,6,"New England Patriots","New York Giants",35,14,"2019-10-11T00:20Z","Gillette Stadium","Friday","00:20",NA
"401128096",2019,6,"Tampa Bay Buccaneers","Carolina Panthers",26,37,"2019-10-13T13:30Z","Tottenham Hotspur Stadium","Sunday","13:30",NA
"401128111",2019,6,"Cleveland Browns","Seattle Seahawks",28,32,"2019-10-13T17:00Z","Huntington Bank Field","Sunday","17:00",NA
"401128119",2019,6,"Kansas City Chiefs","Houston Texans",24,31,"2019-10-13T17:00Z","GEHA Field at Arrowhead Stadium","Sunday","17:00",NA
"401128121",2019,6,"Miami Dolphins","Washington",16,17,"2019-10-13T17:00Z","Hard Rock Stadium","Sunday","17:00",NA
"401128123",2019,6,"Minnesota Vikings","Philadelphia Eagles",38,20,"2019-10-13T17:00Z","U.S. Bank Stadium","Sunday","17:00",NA
"401128116",2019,6,"Jacksonville Jaguars","New Orleans Saints",6,13,"2019-10-13T17:00Z","EverBank Stadium","Sunday","17:00",NA
"401128105",2019,6,"Baltimore Ravens","Cincinnati Bengals",23,17,"2019-10-13T17:00Z","M&T Bank Stadium","Sunday","17:00",NA
"401128128",2019,6,"Los Angeles Rams","San Francisco 49ers",7,20,"2019-10-13T20:05Z","Los Angeles Memorial Coliseum","Sunday","20:05",NA
"401128126",2019,6,"Arizona Cardinals","Atlanta Falcons",34,33,"2019-10-13T20:05Z","State Farm Stadium","Sunday","20:05",NA
"401128129",2019,6,"Denver Broncos","Tennessee Titans",16,0,"2019-10-13T20:25Z","Empower Field at Mile High","Sunday","20:25",NA
"401128130",2019,6,"New York Jets","Dallas Cowboys",24,22,"2019-10-13T20:25Z","MetLife Stadium","Sunday","20:25",NA
"401128131",2019,6,"Los Angeles Chargers","Pittsburgh Steelers",17,24,"2019-10-14T00:20Z","Dignity Health Sports Park","Monday","00:20",NA
"401128132",2019,6,"Green Bay Packers","Detroit Lions",23,22,"2019-10-15T00:15Z","Lambeau Field","Tuesday","00:15",NA
"401127902",2019,7,"Denver Broncos","Kansas City Chiefs",6,30,"2019-10-18T00:20Z","Empower Field at Mile High","Friday","00:20",NA
"401127940",2019,7,"Atlanta Falcons","Los Angeles Rams",10,37,"2019-10-20T17:00Z","Mercedes-Benz Stadium","Sunday","17:00",NA
"401127942",2019,7,"Buffalo Bills","Miami Dolphins",31,21,"2019-10-20T17:00Z","Highmark Stadium","Sunday","17:00",NA
"401127945",2019,7,"Cincinnati Bengals","Jacksonville Jaguars",17,27,"2019-10-20T17:00Z","Paycor Stadium","Sunday","17:00",NA
"401127947",2019,7,"Detroit Lions","Minnesota Vikings",30,42,"2019-10-20T17:00Z","Ford Field","Sunday","17:00",NA
"401127949",2019,7,"Green Bay Packers","Oakland Raiders",42,24,"2019-10-20T17:00Z","Lambeau Field","Sunday","17:00",NA
"401127951",2019,7,"Indianapolis Colts","Houston Texans",30,23,"2019-10-20T17:00Z","Lucas Oil Stadium","Sunday","17:00",NA
"401127974",2019,7,"New York Giants","Arizona Cardinals",21,27,"2019-10-20T17:00Z","MetLife Stadium","Sunday","17:00",NA
"401127977",2019,7,"Washington","San Francisco 49ers",0,9,"2019-10-20T17:00Z","Northwest Stadium","Sunday","17:00",NA
"401127979",2019,7,"Tennessee Titans","Los Angeles Chargers",23,20,"2019-10-20T20:05Z","Nissan Stadium","Sunday","20:05",NA
"401127982",2019,7,"Chicago Bears","New Orleans Saints",25,36,"2019-10-20T20:25Z","Soldier Field","Sunday","20:25",NA
"401127985",2019,7,"Seattle Seahawks","Baltimore Ravens",16,30,"2019-10-20T20:25Z","Lumen Field","Sunday","20:25",NA
"401127987",2019,7,"Dallas Cowboys","Philadelphia Eagles",37,10,"2019-10-21T00:20Z","AT&T Stadium","Monday","00:20",NA
"401127894",2019,7,"New York Jets","New England Patriots",0,33,"2019-10-22T00:15Z","MetLife Stadium","Tuesday","00:15",NA
"401127905",2019,8,"Minnesota Vikings","Washington",19,9,"2019-10-25T00:20Z","U.S. Bank Stadium","Friday","00:20",NA
"401128035",2019,8,"Atlanta Falcons","Seattle Seahawks",20,27,"2019-10-27T17:00Z","Mercedes-Benz Stadium","Sunday","17:00",NA
"401128037",2019,8,"Buffalo Bills","Philadelphia Eagles",13,31,"2019-10-27T17:00Z","Highmark Stadium","Sunday","17:00",NA
"401128039",2019,8,"Chicago Bears","Los Angeles Chargers",16,17,"2019-10-27T17:00Z","Soldier Field","Sunday","17:00",NA
"401128042",2019,8,"Detroit Lions","New York Giants",31,26,"2019-10-27T17:00Z","Ford Field","Sunday","17:00",NA
"401128048",2019,8,"Tennessee Titans","Tampa Bay Buccaneers",27,23,"2019-10-27T17:00Z","Nissan Stadium","Sunday","17:00",NA
"401128051",2019,8,"Indianapolis Colts","Denver Broncos",15,13,"2019-10-27T17:00Z","Lucas Oil Stadium","Sunday","17:00",NA
"401127912",2019,8,"Los Angeles Rams","Cincinnati Bengals",24,10,"2019-10-27T17:00Z","Wembley Stadium","Sunday","17:00",NA
"401128046",2019,8,"New Orleans Saints","Arizona Cardinals",31,9,"2019-10-27T17:00Z","Caesars Superdome","Sunday","17:00",NA
"401128045",2019,8,"Jacksonville Jaguars","New York Jets",29,15,"2019-10-27T17:00Z","EverBank Stadium","Sunday","17:00",NA
"401128050",2019,8,"San Francisco 49ers","Carolina Panthers",51,13,"2019-10-27T20:05Z","Levi's Stadium","Sunday","20:05",NA
"401127895",2019,8,"New England Patriots","Cleveland Browns",27,13,"2019-10-27T20:25Z","Gillette Stadium","Sunday","20:25",NA
"401128043",2019,8,"Houston Texans","Oakland Raiders",27,24,"2019-10-27T20:25Z","NRG Stadium","Sunday","20:25",NA
"401128073",2019,8,"Kansas City Chiefs","Green Bay Packers",24,31,"2019-10-28T00:20Z","GEHA Field at Arrowhead Stadium","Monday","00:20",NA
"401128074",2019,8,"Pittsburgh Steelers","Miami Dolphins",27,14,"2019-10-29T00:15Z","Acrisure Stadium","Tuesday","00:15",NA
"401127908",2019,9,"Arizona Cardinals","San Francisco 49ers",25,28,"2019-11-01T00:20Z","State Farm Stadium","Friday","00:20",NA
"401127936",2019,9,"Jacksonville Jaguars","Houston Texans",3,26,"2019-11-03T14:30Z","Wembley Stadium","Sunday","14:30",NA
"401128076",2019,9,"Buffalo Bills","Washington",24,9,"2019-11-03T18:00Z","Highmark Stadium","Sunday","18:00",NA
"401128079",2019,9,"Kansas City Chiefs","Minnesota Vikings",26,23,"2019-11-03T18:00Z","GEHA Field at Arrowhead Stadium","Sunday","18:00",NA
"401128080",2019,9,"Miami Dolphins","New York Jets",26,18,"2019-11-03T18:00Z","Hard Rock Stadium","Sunday","18:00",NA
"401128082",2019,9,"Philadelphia Eagles","Chicago Bears",22,14,"2019-11-03T18:00Z","Lincoln Financial Field","Sunday","18:00",NA
"401128083",2019,9,"Pittsburgh Steelers","Indianapolis Colts",26,24,"2019-11-03T18:00Z","Acrisure Stadium","Sunday","18:00",NA
"401128078",2019,9,"Carolina Panthers","Tennessee Titans",30,20,"2019-11-03T18:00Z","Bank of America Stadium","Sunday","18:00",NA
"401128085",2019,9,"Oakland Raiders","Detroit Lions",31,24,"2019-11-03T21:05Z","Oakland Coliseum","Sunday","21:05",NA
"401128087",2019,9,"Seattle Seahawks","Tampa Bay Buccaneers",40,34,"2019-11-03T21:05Z","Lumen Field","Sunday","21:05",NA
"401128088",2019,9,"Denver Broncos","Cleveland Browns",24,19,"2019-11-03T21:25Z","Empower Field at Mile High","Sunday","21:25",NA
"401128090",2019,9,"Los Angeles Chargers","Green Bay Packers",26,11,"2019-11-03T21:25Z","Dignity Health Sports Park","Sunday","21:25",NA
"401127899",2019,9,"Baltimore Ravens","New England Patriots",37,20,"2019-11-04T01:20Z","M&T Bank Stadium","Monday","01:20",NA
"401128091",2019,9,"New York Giants","Dallas Cowboys",18,37,"2019-11-05T01:15Z","MetLife Stadium","Tuesday","01:15",NA
"401127907",2019,10,"Oakland Raiders","Los Angeles Chargers",26,24,"2019-11-08T01:20Z","Oakland Coliseum","Friday","01:20",NA
"401127911",2019,10,"Chicago Bears","Detroit Lions",20,13,"2019-11-10T18:00Z","Soldier Field","Sunday","18:00",NA
"401127934",2019,10,"Cincinnati Bengals","Baltimore Ravens",13,49,"2019-11-10T18:00Z","Paycor Stadium","Sunday","18:00",NA
"401127939",2019,10,"Cleveland Browns","Buffalo Bills",19,16,"2019-11-10T18:00Z","Huntington Bank Field","Sunday","18:00",NA
"401127981",2019,10,"Tennessee Titans","Kansas City Chiefs",35,32,"2019-11-10T18:00Z","Nissan Stadium","Sunday","18:00",NA
"401127948",2019,10,"New Orleans Saints","Atlanta Falcons",9,26,"2019-11-10T18:00Z","Caesars Superdome","Sunday","18:00",NA
"401127952",2019,10,"New York Jets","New York Giants",34,27,"2019-11-10T18:00Z","MetLife Stadium","Sunday","18:00",NA
"401127976",2019,10,"Tampa Bay Buccaneers","Arizona Cardinals",30,27,"2019-11-10T18:00Z","Raymond James Stadium","Sunday","18:00",NA
"401127986",2019,10,"Indianapolis Colts","Miami Dolphins",12,16,"2019-11-10T21:05Z","Lucas Oil Stadium","Sunday","21:05",NA
"401127944",2019,10,"Green Bay Packers","Carolina Panthers",24,16,"2019-11-10T21:25Z","Lambeau Field","Sunday","21:25",NA
"401127989",2019,10,"Pittsburgh Steelers","Los Angeles Rams",17,12,"2019-11-10T21:25Z","Acrisure Stadium","Sunday","21:25",NA
"401128041",2019,10,"Dallas Cowboys","Minnesota Vikings",24,28,"2019-11-11T01:20Z","AT&T Stadium","Monday","01:20",NA
"401127992",2019,10,"San Francisco 49ers","Seattle Seahawks",24,27,"2019-11-12T01:15Z","Levi's Stadium","Tuesday","01:15",NA
"401128044",2019,11,"Cleveland Browns","Pittsburgh Steelers",21,7,"2019-11-15T01:20Z","Huntington Bank Field","Friday","01:20",NA
"401128052",2019,11,"Detroit Lions","Dallas Cowboys",27,35,"2019-11-17T18:00Z","Ford Field","Sunday","18:00",NA
"401128075",2019,11,"Indianapolis Colts","Jacksonville Jaguars",33,13,"2019-11-17T18:00Z","Lucas Oil Stadium","Sunday","18:00",NA
"401128077",2019,11,"Miami Dolphins","Buffalo Bills",20,37,"2019-11-17T18:00Z","Hard Rock Stadium","Sunday","18:00",NA
"401128081",2019,11,"Minnesota Vikings","Denver Broncos",27,23,"2019-11-17T18:00Z","U.S. Bank Stadium","Sunday","18:00",NA
"401128084",2019,11,"Tampa Bay Buccaneers","New Orleans Saints",17,34,"2019-11-17T18:00Z","Raymond James Stadium","Sunday","18:00",NA
"401128086",2019,11,"Washington","New York Jets",17,34,"2019-11-17T18:00Z","Northwest Stadium","Sunday","18:00",NA
"401128049",2019,11,"Carolina Panthers","Atlanta Falcons",3,29,"2019-11-17T18:00Z","Bank of America Stadium","Sunday","18:00",NA
"401128047",2019,11,"Baltimore Ravens","Houston Texans",41,7,"2019-11-17T18:00Z","M&T Bank Stadium","Sunday","18:00",NA
"401128089",2019,11,"San Francisco 49ers","Arizona Cardinals",36,26,"2019-11-17T21:05Z","Levi's Stadium","Sunday","21:05",NA
"401128092",2019,11,"Oakland Raiders","Cincinnati Bengals",17,10,"2019-11-17T21:25Z","Oakland Coliseum","Sunday","21:25",NA
"401127897",2019,11,"Philadelphia Eagles","New England Patriots",10,17,"2019-11-17T21:25Z","Lincoln Financial Field","Sunday","21:25",NA
"401128133",2019,11,"Los Angeles Rams","Chicago Bears",17,7,"2019-11-18T01:20Z","Los Angeles Memorial Coliseum","Monday","01:20",NA
"401128134",2019,11,"Los Angeles Chargers","Kansas City Chiefs",17,24,"2019-11-19T01:15Z","Estadio Azteca","Tuesday","01:15",NA
"401127865",2019,12,"Houston Texans","Indianapolis Colts",20,17,"2019-11-22T01:20Z","NRG Stadium","Friday","01:20",NA
"401127870",2019,12,"Atlanta Falcons","Tampa Bay Buccaneers",22,35,"2019-11-24T18:00Z","Mercedes-Benz Stadium","Sunday","18:00",NA
"401127872",2019,12,"Buffalo Bills","Denver Broncos",20,3,"2019-11-24T18:00Z","Highmark Stadium","Sunday","18:00",NA
"401127914",2019,12,"Chicago Bears","New York Giants",19,14,"2019-11-24T18:00Z","Soldier Field","Sunday","18:00",NA
"401127918",2019,12,"Cincinnati Bengals","Pittsburgh Steelers",10,16,"2019-11-24T18:00Z","Paycor Stadium","Sunday","18:00",NA
"401127919",2019,12,"Cleveland Browns","Miami Dolphins",41,24,"2019-11-24T18:00Z","Huntington Bank Field","Sunday","18:00",NA
"401127922",2019,12,"New Orleans Saints","Carolina Panthers",34,31,"2019-11-24T18:00Z","Caesars Superdome","Sunday","18:00",NA
"401127924",2019,12,"New York Jets","Oakland Raiders",34,3,"2019-11-24T18:00Z","MetLife Stadium","Sunday","18:00",NA
"401128008",2019,12,"Philadelphia Eagles","Seattle Seahawks",9,17,"2019-11-24T18:00Z","Lincoln Financial Field","Sunday","18:00",NA
"401127996",2019,12,"Washington","Detroit Lions",19,16,"2019-11-24T18:00Z","Northwest Stadium","Sunday","18:00",NA
"401128000",2019,12,"Tennessee Titans","Jacksonville Jaguars",42,20,"2019-11-24T21:05Z","Nissan Stadium","Sunday","21:05",NA
"401127957",2019,12,"New England Patriots","Dallas Cowboys",13,9,"2019-11-24T21:25Z","Gillette Stadium","Sunday","21:25",NA
"401128004",2019,12,"San Francisco 49ers","Green Bay Packers",37,8,"2019-11-25T01:20Z","Levi's Stadium","Monday","01:20",NA
"401128012",2019,12,"Los Angeles Rams","Baltimore Ravens",6,45,"2019-11-26T01:15Z","Los Angeles Memorial Coliseum","Tuesday","01:15",NA
"401128015",2019,13,"Detroit Lions","Chicago Bears",20,24,"2019-11-28T17:30Z","Ford Field","Thursday","17:30",NA
"401128017",2019,13,"Dallas Cowboys","Buffalo Bills",15,26,"2019-11-28T21:30Z","AT&T Stadium","Thursday","21:30",NA
"401128022",2019,13,"Atlanta Falcons","New Orleans Saints",18,26,"2019-11-29T01:20Z","Mercedes-Benz Stadium","Friday","01:20",NA
"401128057",2019,13,"Cincinnati Bengals","New York Jets",22,6,"2019-12-01T18:00Z","Paycor Stadium","Sunday","18:00",NA
"401128058",2019,13,"Indianapolis Colts","Tennessee Titans",17,31,"2019-12-01T18:00Z","Lucas Oil Stadium","Sunday","18:00",NA
"401128070",2019,13,"Miami Dolphins","Philadelphia Eagles",37,31,"2019-12-01T18:00Z","Hard Rock Stadium","Sunday","18:00",NA
"401128095",2019,13,"New York Giants","Green Bay Packers",13,31,"2019-12-01T18:00Z","MetLife Stadium","Sunday","18:00",NA
"401128107",2019,13,"Pittsburgh Steelers","Cleveland Browns",20,13,"2019-12-01T18:00Z","Acrisure Stadium","Sunday","18:00",NA
"401128032",2019,13,"Carolina Panthers","Washington",21,29,"2019-12-01T18:00Z","Bank of America Stadium","Sunday","18:00",NA
"401128063",2019,13,"Jacksonville Jaguars","Tampa Bay Buccaneers",11,28,"2019-12-01T18:00Z","EverBank Stadium","Sunday","18:00",NA
"401128027",2019,13,"Baltimore Ravens","San Francisco 49ers",20,17,"2019-12-01T18:00Z","M&T Bank Stadium","Sunday","18:00",NA
"401128100",2019,13,"Arizona Cardinals","Los Angeles Rams",7,34,"2019-12-01T21:05Z","State Farm Stadium","Sunday","21:05",NA
"401128104",2019,13,"Denver Broncos","Los Angeles Chargers",23,20,"2019-12-01T21:25Z","Empower Field at Mile High","Sunday","21:25",NA
"401128067",2019,13,"Kansas City Chiefs","Oakland Raiders",40,9,"2019-12-01T21:25Z","GEHA Field at Arrowhead Stadium","Sunday","21:25",NA
"401127967",2019,13,"Houston Texans","New England Patriots",28,22,"2019-12-02T01:20Z","NRG Stadium","Monday","01:20",NA
"401128112",2019,13,"Seattle Seahawks","Minnesota Vikings",37,30,"2019-12-03T01:15Z","Lumen Field","Tuesday","01:15",NA
"401127871",2019,14,"Chicago Bears","Dallas Cowboys",31,24,"2019-12-06T01:20Z","Soldier Field","Friday","01:20",NA
"401127869",2019,14,"Atlanta Falcons","Carolina Panthers",40,20,"2019-12-08T18:00Z","Mercedes-Benz Stadium","Sunday","18:00",NA
"401127868",2019,14,"Buffalo Bills","Baltimore Ravens",17,24,"2019-12-08T18:00Z","Highmark Stadium","Sunday","18:00",NA
"401127867",2019,14,"Cleveland Browns","Cincinnati Bengals",27,19,"2019-12-08T18:00Z","Huntington Bank Field","Sunday","18:00",NA
"401127916",2019,14,"Green Bay Packers","Washington",20,15,"2019-12-08T18:00Z","Lambeau Field","Sunday","18:00",NA
"401127926",2019,14,"Minnesota Vikings","Detroit Lions",20,7,"2019-12-08T18:00Z","U.S. Bank Stadium","Sunday","18:00",NA
"401127964",2019,14,"New Orleans Saints","San Francisco 49ers",46,48,"2019-12-08T18:00Z","Caesars Superdome","Sunday","18:00",NA
"401127969",2019,14,"New York Jets","Miami Dolphins",22,21,"2019-12-08T18:00Z","MetLife Stadium","Sunday","18:00",NA
"401127994",2019,14,"Tampa Bay Buccaneers","Indianapolis Colts",38,35,"2019-12-08T18:00Z","Raymond James Stadium","Sunday","18:00",NA
"401127920",2019,14,"Houston Texans","Denver Broncos",24,38,"2019-12-08T18:00Z","NRG Stadium","Sunday","18:00",NA
"401127997",2019,14,"Jacksonville Jaguars","Los Angeles Chargers",10,45,"2019-12-08T21:05Z","EverBank Stadium","Sunday","21:05",NA
"401128005",2019,14,"Oakland Raiders","Tennessee Titans",21,42,"2019-12-08T21:25Z","Oakland Coliseum","Sunday","21:25",NA
"401127930",2019,14,"New England Patriots","Kansas City Chiefs",16,23,"2019-12-08T21:25Z","Gillette Stadium","Sunday","21:25",NA
"401128002",2019,14,"Arizona Cardinals","Pittsburgh Steelers",17,23,"2019-12-08T21:25Z","State Farm Stadium","Sunday","21:25",NA
"401128009",2019,14,"Los Angeles Rams","Seattle Seahawks",28,12,"2019-12-09T01:20Z","Los Angeles Memorial Coliseum","Monday","01:20",NA
"401128013",2019,14,"Philadelphia Eagles","New York Giants",23,17,"2019-12-10T01:15Z","Lincoln Financial Field","Tuesday","01:15",NA
"401128020",2019,15,"Baltimore Ravens","New York Jets",42,21,"2019-12-13T01:20Z","M&T Bank Stadium","Friday","01:20",NA
"401127955",2019,15,"Cincinnati Bengals","New England Patriots",13,34,"2019-12-15T18:00Z","Paycor Stadium","Sunday","18:00",NA
"401128028",2019,15,"Detroit Lions","Tampa Bay Buccaneers",17,38,"2019-12-15T18:00Z","Ford Field","Sunday","18:00",NA
"401128031",2019,15,"Green Bay Packers","Chicago Bears",21,13,"2019-12-15T18:00Z","Lambeau Field","Sunday","18:00",NA
"401128068",2019,15,"Tennessee Titans","Houston Texans",21,24,"2019-12-15T18:00Z","Nissan Stadium","Sunday","18:00",NA
"401128056",2019,15,"Kansas City Chiefs","Denver Broncos",23,3,"2019-12-15T18:00Z","GEHA Field at Arrowhead Stadium","Sunday","18:00",NA
"401128060",2019,15,"New York Giants","Miami Dolphins",36,20,"2019-12-15T18:00Z","MetLife Stadium","Sunday","18:00",NA
"401128071",2019,15,"Washington","Philadelphia Eagles",27,37,"2019-12-15T18:00Z","Northwest Stadium","Sunday","18:00",NA
"401128024",2019,15,"Carolina Panthers","Seattle Seahawks",24,30,"2019-12-15T18:00Z","Bank of America Stadium","Sunday","18:00",NA
"401128099",2019,15,"Oakland Raiders","Jacksonville Jaguars",16,20,"2019-12-15T21:05Z","Oakland Coliseum","Sunday","21:05",NA
"401128094",2019,15,"Arizona Cardinals","Cleveland Browns",38,24,"2019-12-15T21:05Z","State Farm Stadium","Sunday","21:05",NA
"401128113",2019,15,"Los Angeles Chargers","Minnesota Vikings",10,39,"2019-12-15T21:05Z","Dignity Health Sports Park","Sunday","21:05",NA
"401128103",2019,15,"Dallas Cowboys","Los Angeles Rams",44,21,"2019-12-15T21:25Z","AT&T Stadium","Sunday","21:25",NA
"401128108",2019,15,"San Francisco 49ers","Atlanta Falcons",22,29,"2019-12-15T21:25Z","Levi's Stadium","Sunday","21:25",NA
"401128065",2019,15,"Pittsburgh Steelers","Buffalo Bills",10,17,"2019-12-16T01:20Z","Acrisure Stadium","Monday","01:20",NA
"401128117",2019,15,"New Orleans Saints","Indianapolis Colts",34,7,"2019-12-17T01:15Z","Caesars Superdome","Tuesday","01:15",NA
"401127901",2019,16,"Tampa Bay Buccaneers","Houston Texans",20,23,"2019-12-21T18:00Z","Raymond James Stadium","Saturday","18:00",NA
"401127898",2019,16,"New England Patriots","Buffalo Bills",24,17,"2019-12-21T21:30Z","Gillette Stadium","Saturday","21:30",NA
"401127900",2019,16,"San Francisco 49ers","Los Angeles Rams",34,31,"2019-12-22T01:15Z","Levi's Stadium","Sunday","01:15",NA
"401127903",2019,16,"Atlanta Falcons","Jacksonville Jaguars",24,12,"2019-12-22T18:00Z","Mercedes-Benz Stadium","Sunday","18:00",NA
"401127904",2019,16,"Cleveland Browns","Baltimore Ravens",15,31,"2019-12-22T18:00Z","Huntington Bank Field","Sunday","18:00",NA
"401127935",2019,16,"Tennessee Titans","New Orleans Saints",28,38,"2019-12-22T18:00Z","Nissan Stadium","Sunday","18:00",NA
"401127906",2019,16,"Indianapolis Colts","Carolina Panthers",38,6,"2019-12-22T18:00Z","Lucas Oil Stadium","Sunday","18:00",NA
"401127910",2019,16,"Miami Dolphins","Cincinnati Bengals",38,35,"2019-12-22T18:00Z","Hard Rock Stadium","Sunday","18:00",NA
"401127933",2019,16,"New York Jets","Pittsburgh Steelers",16,10,"2019-12-22T18:00Z","MetLife Stadium","Sunday","18:00",NA
"401127937",2019,16,"Washington","New York Giants",35,41,"2019-12-22T18:00Z","Northwest Stadium","Sunday","18:00",NA
"401127893",2019,16,"Denver Broncos","Detroit Lions",27,17,"2019-12-22T21:05Z","Empower Field at Mile High","Sunday","21:05",NA
"401127896",2019,16,"Los Angeles Chargers","Oakland Raiders",17,24,"2019-12-22T21:05Z","Dignity Health Sports Park","Sunday","21:05",NA
"401127938",2019,16,"Philadelphia Eagles","Dallas Cowboys",17,9,"2019-12-22T21:25Z","Lincoln Financial Field","Sunday","21:25",NA
"401127941",2019,16,"Seattle Seahawks","Arizona Cardinals",13,27,"2019-12-22T21:25Z","Lumen Field","Sunday","21:25",NA
"401127943",2019,16,"Chicago Bears","Kansas City Chiefs",3,26,"2019-12-23T01:20Z","Soldier Field","Monday","01:20",NA
"401127946",2019,16,"Minnesota Vikings","Green Bay Packers",10,23,"2019-12-24T01:15Z","U.S. Bank Stadium","Tuesday","01:15",NA
"401127973",2019,17,"Buffalo Bills","New York Jets",6,13,"2019-12-29T18:00Z","Highmark Stadium","Sunday","18:00",NA
"401127978",2019,17,"Cincinnati Bengals","Cleveland Browns",33,23,"2019-12-29T18:00Z","Paycor Stadium","Sunday","18:00",NA
"401127983",2019,17,"Detroit Lions","Green Bay Packers",20,23,"2019-12-29T18:00Z","Ford Field","Sunday","18:00",NA
"401127990",2019,17,"Kansas City Chiefs","Los Angeles Chargers",31,21,"2019-12-29T18:00Z","GEHA Field at Arrowhead Stadium","Sunday","18:00",NA
"401127991",2019,17,"Minnesota Vikings","Chicago Bears",19,21,"2019-12-29T18:00Z","U.S. Bank Stadium","Sunday","18:00",NA
"401127909",2019,17,"New England Patriots","Miami Dolphins",24,27,"2019-12-29T18:00Z","Gillette Stadium","Sunday","18:00",NA
"401128034",2019,17,"Tampa Bay Buccaneers","Atlanta Falcons",22,28,"2019-12-29T18:00Z","Raymond James Stadium","Sunday","18:00",NA
"401127975",2019,17,"Carolina Panthers","New Orleans Saints",10,42,"2019-12-29T18:00Z","Bank of America Stadium","Sunday","18:00",NA
"401127980",2019,17,"Dallas Cowboys","Washington",47,16,"2019-12-29T21:25Z","AT&T Stadium","Sunday","21:25",NA
"401128036",2019,17,"Denver Broncos","Oakland Raiders",16,15,"2019-12-29T21:25Z","Empower Field at Mile High","Sunday","21:25",NA
"401128038",2019,17,"Los Angeles Rams","Arizona Cardinals",31,24,"2019-12-29T21:25Z","Los Angeles Memorial Coliseum","Sunday","21:25",NA
"401128033",2019,17,"New York Giants","Philadelphia Eagles",17,34,"2019-12-29T21:25Z","MetLife Stadium","Sunday","21:25",NA
"401127988",2019,17,"Jacksonville Jaguars","Indianapolis Colts",38,20,"2019-12-29T21:25Z","EverBank Stadium","Sunday","21:25",NA
"401127950",2019,17,"Baltimore Ravens","Pittsburgh Steelers",28,10,"2019-12-29T21:25Z","M&T Bank Stadium","Sunday","21:25",NA
"401127984",2019,17,"Houston Texans","Tennessee Titans",14,35,"2019-12-29T21:25Z","NRG Stadium","Sunday","21:25",NA
"401128040",2019,17,"Seattle Seahawks","San Francisco 49ers",21,26,"2019-12-30T01:20Z","Lumen Field","Monday","01:20",NA
"401131037",2019,1,"Houston Texans","Buffalo Bills",22,19,"2020-01-04T21:35Z","NRG Stadium","Saturday","21:35",NA
"401131036",2019,1,"New England Patriots","Tennessee Titans",13,20,"2020-01-05T01:25Z","Gillette Stadium","Sunday","01:25",NA
"401131038",2019,1,"New Orleans Saints","Minnesota Vikings",20,26,"2020-01-05T18:05Z","Caesars Superdome","Sunday","18:05",NA
"401131039",2019,1,"Philadelphia Eagles","Seattle Seahawks",9,17,"2020-01-05T21:40Z","Lincoln Financial Field","Sunday","21:40",NA
"401131040",2019,2,"San Francisco 49ers","Minnesota Vikings",27,10,"2020-01-11T21:35Z","Levi's Stadium","Saturday","21:35",NA
"401131041",2019,2,"Baltimore Ravens","Tennessee Titans",12,28,"2020-01-12T01:15Z","M&T Bank Stadium","Sunday","01:15",NA
"401131043",2019,2,"Kansas City Chiefs","Houston Texans",51,31,"2020-01-12T20:05Z","GEHA Field at Arrowhead Stadium","Sunday","20:05",NA
"401131042",2019,2,"Green Bay Packers","Seattle Seahawks",28,23,"2020-01-12T23:40Z","Lambeau Field","Sunday","23:40",NA
"401131044",2019,3,"Kansas City Chiefs","Tennessee Titans",35,24,"2020-01-19T20:05Z","GEHA Field at Arrowhead Stadium","Sunday","20:05",NA
"401131045",2019,3,"San Francisco 49ers","Green Bay Packers",37,20,"2020-01-19T23:40Z","Levi's Stadium","Sunday","23:40",NA
"401131046",2019,4,"AFC All-Stars","NFC All-Stars",38,33,"2020-01-26T20:00Z","Camping World Stadium","Sunday","20:00",NA
"401131047",2019,5,"Kansas City Chiefs","San Francisco 49ers",31,20,"2020-02-02T23:30Z","Hard Rock Stadium","Sunday","23:30",NA
